{
"productsinfo":[
 {
  "name": "Ändklämma - komplett",
  "pic": "jpg",
  "artNum": "SKL1000",
  "Längd": "50 mm",
  "Bredd": "30 mm",
  "Snözon": "1-5,5",
  "Höjd": "60 mm"
 },
 {
  "name": "Ändklämma - komplett",
  "pic": "jpg",
  "artNum": "KL1000",
  "Längd": "50 mm",
  "Bredd": "30 mm",
  "Snözon": "1-5,5",
  "Höjd": "60 mm"
 },
 {
  "name": "Mittklämma komplett solsystem svart",
  "pic": "jpg",
  "artNum": "SKL2000",
  "Längd": "50 mm",
  "Bredd": "30 mm",
  "Snözon": "1-5,5",
  "Höjd": "60 mm"
 },
 {
  "name": "Mittklämma komplett solsystem",
  "pic": "jpg",
  "artNum": "KL2000",
  "Längd": "50 mm",
  "Bredd": "30 mm",
  "Snözon": "1-5,5",
  "Höjd": "60 mm"
 },
 {
  "name": "Fotplatta",
  "pic": "jpg",
  "artNum": "FP1400"
 },
 {
  "name": "Infästning med c-profil",
  "pic": "jpg",
  "artNum": "CP1400",
  "Längd": "180 mm",
  "Bredd": "50 mm",
  "Snözon": "1-5,5",
  "Höjd": "50 mm"
 },
 {
  "name": "Fäste falsad panna solsys gängad",
  "pic": "jpg",
  "artNum": "BF1400"
 },
 {
  "name": "Infästning med falsfäste",
  "pic": "jpg",
  "artNum": "FF1400",
  "Längd": "180 mm",
  "Bredd": "15 mm",
  "Snözon": "1-5,5",
  "Höjd": "60 mm"
 },
 {
  "name": "Infästning med fotplatta",
  "pic": "jpg",
  "artNum": "TF1400",
  "Längd": "180 mm",
  "Bredd": "60 mm",
  "Snözon": "1-5,5",
  "Höjd": "140-185 mm"
 },
 {
  "name": "Infästning med läktfäste",
  "pic": "jpg",
  "artNum": "LF1400",
  "Längd": "470 mm",
  "Bredd": "60 mm",
  "Snözon": "1-5,5",
  "Höjd": "105-127 mm"
 },
 {
  "name": "Infästning med stockskruv",
  "pic": "jpg",
  "artNum": "SS1025",
  "Längd": "80 mm",
  "Bredd": "45 mm",
  "Snözon": "1-5,5",
  "Höjd": "205 mm"
 },
 {
  "name": "Infästning med tätplåt",
  "pic": "jpg",
  "artNum": "TP3552",
  "Längd": "520 mm",
  "Bredd": "350 mm",
  "Snözon": "1-5,5",
  "Höjd": "Tjocklek 2 mm"
 },
 {
  "name": "Infästning träskruv",
  "pic": "jpg",
  "artNum": "TS6310",
  "Längd": "30 mm",
  "Bredd": "6,3 mm",
  "Snözon": "1 - 5,5"
 },
 {
  "name": "Infästningsskena",
  "pic": "jpg",
  "artNum": "IS2450",
  "Längd": "2400 mm",
  "Bredd": "50 mm",
  "Snözon": "1-5,5",
  "Höjd": "50 mm"
 },
 {
  "name": "Plåtskruv",
  "pic": "jpg",
  "artNum": "SS6190",
  "Längd": "19 mm",
  "Bredd": "6.3 mm",
  "Snözon": "1-5,5"
 },
 {
  "name": "Gummibricka M10",
  "pic": "jpg",
  "artNum": "GB0010"
 },
 {
  "name": "Plastlock Utvändig 50x50 Svart",
  "pic": "jpg",
  "artNum": "SPL5050"
 },
 {
  "name": "Takkrok",
  "pic": "jpg",
  "artNum": "TK1400"
 }
],
"SS6190b":[
 {
  "Typ av infästningsmaterial": "Profilerad stålplåt",
  "Plåttjocklek": "Min 0,5 mm",
  "Kvalité (N\/mm²)": "S250GD",
  "Fx+": "1,8 kN",
  "Fx-": "1,8 kN",
  "Fy+": "1,0 kN"
 },
 {
  "Typ av infästningsmaterial": "Profilerad stålplåt",
  "Plåttjocklek": "Min 0,4 mm",
  "Kvalité (N\/mm²)": "S250GD",
  "Fx+": "1,2 kN",
  "Fx-": "1,2 kN",
  "Fy+": "0,8 kN"
 },
 {
  "Typ av infästningsmaterial": "Profilerad aluminiumplåt",
  "Plåttjocklek": "Min 0,7 mm",
  "Kvalité (N\/mm²)": "140",
  "Fx+": "1,0 kN",
  "Fx-": "1,0 kN",
  "Fy+": "0,6 kN"
 },
 {
  "Typ av infästningsmaterial": "Profilerad aluminiumplåt",
  "Plåttjocklek": "Min 0,5 mm",
  "Kvalité (N\/mm²)": "140",
  "Fx+": "0,5 kN",
  "Fx-": "0,5 kN",
  "Fy+": "0,3 kN"
 }
],
"SS6190a":[
 {
  "Benämning": "Skruvsats 6,3 x19 mm självgängande rf",
  "Vikt": "0,07 kg",
  "Ytbehandling": "Rostfri",
  "Färg": "Grå",
  "Antal": 10,
  "Artikelnr": "SS6191"
 },
 {
  "Benämning": "Skruvsats 6,3 x19 mm självgängande rf",
  "Vikt": "0,61 kg",
  "Ytbehandling": "Rostfri",
  "Färg": "Grå",
  "Antal": 100,
  "Artikelnr": "SS6190"
 }
],
"IS2450b":[
 {
  "C-C avstånd": "600 mm",
  "Förutsättning": "Upplag med konsol",
  "Typ av infästning": "2 st SS6319\/konsol",
  "Fy+": "8,0 kN",
  "Fy-": "8,0 kN"
 },
 {
  "C-C avstånd": "900 mm",
  "Förutsättning": "Upplag med konsol",
  "Typ av infästning": "2 st SS6319\/konsol",
  "Fy+": "5,3 kN",
  "Fy-": "5,3 kN"
 },
 {
  "C-C avstånd": "1200 mm",
  "Förutsättning": "Upplag med konsol",
  "Typ av infästning": "2 st SS6319\/konsol",
  "Fy+": "4,0 kN",
  "Fy-": "4,0 kN"
 },
 {
  "C-C avstånd": "1500 mm",
  "Förutsättning": "Upplag med konsol",
  "Typ av infästning": "2 st SS6319\/konsol",
  "Fy+": "3,2 kN",
  "Fy-": "3,2 kN"
 },
 {
  "C-C avstånd": "1800 mm",
  "Förutsättning": "Upplag med konsol",
  "Typ av infästning": "2 st SS6319\/konsol",
  "Fy+": "2,7 kN",
  "Fy-": "2,7 kN"
 },
 {
  "C-C avstånd": "2100 mm",
  "Förutsättning": "Upplag med konsol",
  "Typ av infästning": "2 st SS6319\/konsol",
  "Fy+": "2,2 kN",
  "Fy-": "2,2 kN"
 }
],
"IS2450a":[
 {
  "Benämning": "Infästningsskena L = 2400 mm (byggmått 2265 mm)",
  "Vikt": "5,65 kg",
  "Ytbehandling": "Zink\/Magnesium ZM310",
  "Färg": "Grå",
  "Antal": 1,
  "Artikelnr": "IS2450"
 },
 {
  "Benämning": "Självgängande skruv 6,3 x 16",
  "Vikt": "0,01 kg",
  "Ytbehandling": "Rostfri",
  "Färg": "Grå",
  "Antal": 1,
  "Artikelnr": "SS6319"
 }
],
"TS6310a":[
 {
  "Benämning": "Skruvsats 6 x 30 mm 6-kant rf",
  "Vikt": "0,05 kg",
  "Ytbehandling": "Rostfri",
  "Färg": "Grå",
  "Antal": 10,
  "Artikelnr": "TS6301"
 },
 {
  "Benämning": "Skruvsats 6 x 30 mm 6-kant rf",
  "Vikt": "0,45 kg",
  "Ytbehandling": "Rostfri",
  "Färg": "Grå",
  "Antal": 100,
  "Artikelnr": "TS6310"
 }
],
"TS6310b":[
 {
  "Typ av infästningsmaterial": "Plywood 18 mm",
  "Klassning": "K20\/70",
  "Fx+": "3,5 kN",
  "Fx-": "3,5 kN",
  "Fy+": "2,0 kN"
 },
 {
  "Typ av infästningsmaterial": "Råspont 17 mm",
  "Klassning": "G4-3",
  "Fx+": "3,0 kN",
  "Fx-": "3,0 kN",
  "Fy+": "1,5 kN"
 },
 {
  "Typ av infästningsmaterial": "Råspont 22 mm",
  "Klassning": "G4-3",
  "Fx+": "3,5 kN",
  "Fx-": "3,5 kN",
  "Fy+": "2,0 kN"
 },
 {
  "Typ av infästningsmaterial": "Regel 45 x 70",
  "Klassning": "C14",
  "Fx+": "3,5 kN",
  "Fx-": "3,5 kN",
  "Fy+": "3,0 kN"
 }
],
"SKL1000a":[
 {
  "Benämning": "Ändklämma - komplett",
  "Vikt": "0,09 kg",
  "Ytbehandling": "Zink\/Magnesium ZM310",
  "Färg": "Grå",
  "Antal": 1,
  "Artikelnr": "KL1000"
 },
 {
  "Benämning": "Ändklämma – komplett svart",
  "Vikt": "0,09 kg",
  "Ytbehandling": "Zink\/Magnesium ZM310",
  "Färg": "Svart",
  "Antal": 1,
  "Artikelnr": "SKL1000"
 }
],
"SKL1000b":[
 {
  "Beskrivning": "Klämkraft\/klämma",
  "Åtdragningsmoment": "10 Nm",
  "Fx+": "–",
  "Fx-": "–",
  "Fy+": "3,0 kN",
  "Fy-": "3,0 kN"
 },
 {
  "Beskrivning": "Lyftkraft\/klämma",
  "Åtdragningsmoment": "10 Nm",
  "Fx+": "–",
  "Fx-": "–",
  "Fy+": "3,0 kN",
  "Fy-": "3,0 kN"
 },
 {
  "Beskrivning": "Tvärkraft\/klämma",
  "Åtdragningsmoment": "10 Nm",
  "Fx+": "1,7 kN",
  "Fx-": "1,7 kN",
  "Fy+": "–",
  "Fy-": "–"
 }
],
"CP1400a":[
 {
  "Benämning": "C-profil för solpaneler",
  "Vikt": "0,4 kg",
  "Ytbehandling": "Zink\/Magnesium ZM310",
  "Färg": "Grå",
  "Antal": "1",
  "Artikelnr": "CP1400"
 },
 {
  "Benämning": "Bult M10 x 20",
  "Vikt": "0,02 kg",
  "Ytbehandling": "Zink-Nickel",
  "Färg": "Grå",
  "Antal": "1-2",
  "Artikelnr": "BU1020"
 },
 {
  "Benämning": "Flänsmutter M10",
  "Vikt": "0,01 kg",
  "Ytbehandling": "Zink-Nickel",
  "Färg": "Grå",
  "Antal": "1-2",
  "Artikelnr": "MU1000"
 },
 {
  "Benämning": "Gummibricka M10",
  "Vikt": "0,002 kg",
  "Ytbehandling": "EPDM-gummi",
  "Färg": "Svart",
  "Antal": "1-2",
  "Artikelnr": "GB0010"
 }
],
"CP1400b":[
 {
  "Typ av infästning": "Styv konstruktion (stålbalk)",
  "Mekanisk infästning": "1-2 st BU1020 + MU1000",
  "Fx+": "10,0 kN",
  "Fx-": "10,0 kN",
  "Fy+": "4,0 kN",
  "Fy-": "4,0 kN"
 },
 {
  "Typ av infästning": "Tätplåt perforerad (TP3924)",
  "Mekanisk infästning": "1-2st BV1030 + GB0010 + MU1000",
  "Fx+": "Infästningen begränsar, se separat produktdatablad",
  "Fx-": "Infästningen begränsar, se separat produktdatablad",
  "Fy+": "Infästningen begränsar, se separat produktdatablad",
  "Fy-": "Infästningen begränsar, se separat produktdatablad"
 },
 {
  "Typ av infästning": "Tätplåt förhöjd (TP3551)",
  "Mekanisk infästning": "1-2st BV1030 + GB0010 + MU1000",
  "Fx+": "Infästningen begränsar, se separat produktdatablad",
  "Fx-": "Infästningen begränsar, se separat produktdatablad",
  "Fy+": "Infästningen begränsar, se separat produktdatablad",
  "Fy-": "Infästningen begränsar, se separat produktdatablad"
 },
 {
  "Typ av infästning": "Tätplåt slät (TP3552)",
  "Mekanisk infästning": "1-2st BV1030 + GB0010 + MU1000",
  "Fx+": "Infästningen begränsar, se separat produktdatablad",
  "Fx-": "Infästningen begränsar, se separat produktdatablad",
  "Fy+": "Infästningen begränsar, se separat produktdatablad",
  "Fy-": "Infästningen begränsar, se separat produktdatablad"
 }
],
"FF1400b":[
 {
  "Typ av infästning": "Dubbelfalsad stålplåt",
  "Undertak": "Råspont 17 mm",
  "Plåttjocklek": "Min 0,6 mm",
  "Fx+": "2,0 kN",
  "Fx-": "2,0 kN",
  "Fy+": "2,0 kN",
  "Fy-": "3,5 kN"
 },
 {
  "Typ av infästning": "Enkelfalsad stålplåt",
  "Undertak": "Råspont 17 mm",
  "Plåttjocklek": "Min 0,6 mm",
  "Fx+": "1,5 kN",
  "Fx-": "1,5 kN",
  "Fy+": "1,7 kN",
  "Fy-": "3,5 kN"
 },
 {
  "Typ av infästning": "Dubbelfalsad rostfri plåt",
  "Undertak": "Råspont 17 mm",
  "Plåttjocklek": "Min 0,4 mm",
  "Fx+": "2,0 kN",
  "Fx-": "2,0 kN",
  "Fy+": "2,0 kN",
  "Fy-": "3,5 kN"
 },
 {
  "Typ av infästning": "Sömsvetsad rostfri plåt",
  "Undertak": "Råspont 17 mm",
  "Plåttjocklek": "Min 0,4 mm",
  "Fx+": "1,7 kN",
  "Fx-": "1,7 kN",
  "Fy+": "2,0 kN",
  "Fy-": "3,5 kN"
 },
 {
  "Typ av infästning": "Dubbelfalsad aluminiumplåt",
  "Undertak": "Råspont 17 mm",
  "Plåttjocklek": "Min 0,7 mm",
  "Fx+": "1,5 kN",
  "Fx-": "1,5 kN",
  "Fy+": "1,7 kN",
  "Fy-": "3,5 kN"
 },
 {
  "Typ av infästning": "Dubbelfalsad zinkplåt",
  "Undertak": "Råspont 17 mm",
  "Plåttjocklek": "Min 0,7 mm",
  "Fx+": "1,7 kN",
  "Fx-": "1,7 kN",
  "Fy+": "1,7 kN",
  "Fy-": "3,5 kN"
 },
 {
  "Typ av infästning": "Prefabricerad klick-falsplåt",
  "Undertak": "Råspont 17 mm",
  "Plåttjocklek": "Min 0,6 mm",
  "Fx+": "2,4 kN",
  "Fx-": "2,4 kN",
  "Fy+": "2,5 kN",
  "Fy-": "3,5 kN"
 }
],
"FF1400a":[
 {
  "Benämning": "Falsfäste för solpaneler",
  "Vikt": "0,5 kg",
  "Ytbehandling": "Zink\/Magnesium ZM310",
  "Färg": "Grå",
  "Antal": 1,
  "Artikelnr": "FF1300"
 }
],
"TF1400b":[
 {
  "Undertak": "Råspont 17 mm – över takstol",
  "Klass": "G4-3",
  "Typ av infästning": "4st TS0630",
  "Fx+": "3,0 kN",
  "Fx-": "3,0 kN",
  "Fy+": "3,5 kN",
  "Fy-": "3,5 kN"
 },
 {
  "Undertak": "Råspont 17 mm – mellan takstolar",
  "Klass": "G4-3",
  "Typ av infästning": "4st TS0630",
  "Fx+": "2,0 kN",
  "Fx-": "2,0 kN",
  "Fy+": "2,5 kN",
  "Fy-": "2,5 kN"
 },
 {
  "Undertak": "Plywood 18 mm – över takstol",
  "Klass": "K20\/70",
  "Typ av infästning": "4st TS0630",
  "Fx+": "3,5 kN",
  "Fx-": "3,5 kN",
  "Fy+": "3,5 kN",
  "Fy-": "3,5 kN"
 },
 {
  "Undertak": "Plywood 18 mm – mellan takstolar",
  "Klass": "K20\/70",
  "Typ av infästning": "4st TS0630",
  "Fx+": "3,3 kN",
  "Fx-": "3,3 kN",
  "Fy+": "3,0 kN",
  "Fy-": "3,0 kN"
 },
 {
  "Undertak": "Råspont 22 mm – över takstol",
  "Klass": "G4-3",
  "Typ av infästning": "4st TS0630",
  "Fx+": "3,5 kN",
  "Fx-": "3,5 kN",
  "Fy+": "3,5 kN",
  "Fy-": "3,5 kN"
 },
 {
  "Undertak": "Råspont 22 mm – mellan takstolar",
  "Klass": "G4-3",
  "Typ av infästning": "4st TS0630",
  "Fx+": "2,5 kN",
  "Fx-": "2,5 kN",
  "Fy+": "3,0 kN",
  "Fy-": "3,0 kN"
 }
],
"TF1400a":[
 {
  "Benämning": "Fotplatta solpaneler",
  "Vikt": "0,4 kg",
  "Ytbehandling": "Zink\/Magnesium ZM310",
  "Färg": "Grå",
  "Antal": 1,
  "Artikelnr": "FP1400"
 },
 {
  "Benämning": "Fäste tegelpanna solpaneler",
  "Vikt": "0,7 kg",
  "Ytbehandling": "Zink\/Magnesium ZM310",
  "Färg": "Grå",
  "Antal": 1,
  "Artikelnr": "TF1400"
 },
 {
  "Benämning": "Bult M10x20",
  "Vikt": "0,02 kg",
  "Ytbehandling": "Zink-Nickel",
  "Färg": "Grå",
  "Antal": 2,
  "Artikelnr": "BU1020"
 },
 {
  "Benämning": "Träskruv 6x30",
  "Vikt": "0,01 kg",
  "Ytbehandling": "Rostfri",
  "Färg": "Grå",
  "Antal": 4,
  "Artikelnr": "TS0630"
 }
],
"LF1400a":[
 {
  "Benämning": "Läktfäste solpaneler",
  "Vikt": "0,8 kg",
  "Ytbehandling": "Zink\/Magnesium ZM310",
  "Färg": "Grå",
  "Antal": 1,
  "Artikelnr": "LF1400"
 },
 {
  "Benämning": "Fäste tegelpanna solpaneler",
  "Vikt": "0,7 kg",
  "Ytbehandling": "Zink\/Magnesium ZM310",
  "Färg": "Gå",
  "Antal": 1,
  "Artikelnr": "TF1400"
 },
 {
  "Benämning": "Bult M10 x 20",
  "Vikt": "0,02 kg",
  "Ytbehandling": "Zink-Nickel",
  "Färg": "Grå",
  "Antal": 2,
  "Artikelnr": "BU1020"
 }
],
"LF1400b":[
 {
  "Undertak": "Bärläkt",
  "Dimension": "45 x 70*",
  "Klassning": "C14",
  "Typ av infästning": "4 st TS0630",
  "Fx+": "10 kN",
  "Fx-": "10 kN",
  "Fy+": "3,5 kN",
  "Fy-": "3,5 kN"
 },
 {
  "Undertak": "Bärläkt",
  "Dimension": "45 x 45*",
  "Klassning": "Ostämplad",
  "Typ av infästning": "4 st TS0630",
  "Fx+": "6 kN",
  "Fx-": "6 kN",
  "Fy+": "2,5 kN",
  "Fy-": "2,5 kN"
 },
 {
  "Undertak": "Bärläkt",
  "Dimension": "34 x 70*",
  "Klassning": "Ostämplad",
  "Typ av infästning": "4 st TS0630",
  "Fx+": "6 kN",
  "Fx-": "6 kN",
  "Fy+": "2,5 kN",
  "Fy-": "2,5 kN"
 },
 {
  "Undertak": "Bärläkt",
  "Dimension": "34 x 45*",
  "Klassning": "Ostämplad",
  "Typ av infästning": "4 st TS0630",
  "Fx+": "3 kN",
  "Fx-": "3 kN",
  "Fy+": "2 kN",
  "Fy-": "2 kN"
 },
 {
  "Undertak": "Bärläkt",
  "Dimension": "28 x 70*",
  "Klassning": "Ostämplad",
  "Typ av infästning": "4 st TS0630",
  "Fx+": "5 kN",
  "Fx-": "5 kN",
  "Fy+": "2 kN",
  "Fy-": "2 kN"
 },
 {
  "Undertak": "Bärläkt",
  "Dimension": "25 x 48**",
  "Klassning": "Ostämplad",
  "Typ av infästning": "4 st TS0630",
  "Fx+": "3 kN",
  "Fx-": "3 kN",
  "Fy+": "2 kN",
  "Fy-": "2 kN"
 }
],
"SS1025b":[
 {
  "Undertak": "Takstol",
  "Dimension": "Min 45 x 120",
  "Klassning": "C24",
  "Fx+": "2,5 kN",
  "Fx-": "2,5 kN",
  "Fy+": "10 kN",
  "Fy-": "10 kN"
 }
],
"SS1025a":[
 {
  "Benämning": "Stockskruv komplett",
  "Vikt": "0,25 kg",
  "Ytbehandling": "Rostfri - Zink\/Magnesium ZM310",
  "Färg": "Grå",
  "Antal": 1,
  "Artikelnr": "SS1025"
 }
]
}